"","pro","up","low"
"1",0.806666666666667,10437.7415602335,-8162.25843976651
