"","pro","up","low"
"1",0.8,15592.9900515387,-12007.0099484613
