"","pro","up","low"
"1",0.803333333333333,100039.941577673,-97360.0584223269
