"","pro","up","low"
"1",0.8,27065.4563771314,-26934.5436228686
